Subject,Body
Team Building Activity,We’ll meet in Room 401 for the planning session at 2 PM sharp. Bring your laptops.
Performance Review Process,Here is the onboarding checklist for your team’s new starter—please review with them.
Training Session Next Week,HR has shared updated guidelines for the annual review cycle. Please review and acknowledge.
Weekly Report Submission,Facilities will inspect all fire safety systems on Wednesday—brief disruptions possible.
Annual Leave Request Process,We’re aligning our department goals with Q2 OKRs. Share feedback by Friday.
Quarterly Goals Alignment,IT will perform system maintenance this weekend; expect downtime from 2–6 PM Saturday.
Client Follow-up Required,Please submit your weekly reports by 5 PM Friday so we can prepare the monthly overview.
New Policy Update,Facilities will inspect all fire safety systems on Wednesday—brief disruptions possible.
New Policy Update,Don’t forget to complete the internal engagement survey—takes less than 5 minutes.
Quarterly Goals Alignment,This is a friendly reminder to submit your timesheets by 6 PM today.
Q2 Sales Review,We’re aligning our department goals with Q2 OKRs. Share feedback by Friday.
Weekly Report Submission,Attached is the latest draft of the policy document for your review and comments.
Lunch and Learn Invitation,Welcome our new team member who starts Monday—feel free to reach out and introduce yourself.
Budget Planning Session,Let me know if there are any blockers on your end with the client deliverables.
Lunch and Learn Invitation,Please submit your weekly reports by 5 PM Friday so we can prepare the monthly overview.
Office Maintenance Notice,Facilities will inspect all fire safety systems on Wednesday—brief disruptions possible.
Client Follow-up Required,This is a friendly reminder to submit your timesheets by 6 PM today.
Lunch and Learn Invitation,IT will perform system maintenance this weekend; expect downtime from 2–6 PM Saturday.
Holiday Schedule Announcement,We’re aligning our department goals with Q2 OKRs. Share feedback by Friday.
Q2 Sales Review,Please submit your weekly reports by 5 PM Friday so we can prepare the monthly overview.
Q2 Sales Review,Don’t forget to complete the internal engagement survey—takes less than 5 minutes.
Annual Leave Request Process,Don’t forget to complete the internal engagement survey—takes less than 5 minutes.
Weekly Report Submission,We’ve scheduled training for the new expense platform on Tuesday at 3 PM.
Internal Survey Participation,The marketing team has requested input on Q3 priorities. Add your notes to the shared doc.
Team Meeting Reminder,Please submit your weekly reports by 5 PM Friday so we can prepare the monthly overview.
Performance Review Process,Here is the onboarding checklist for your team’s new starter—please review with them.
Holiday Schedule Announcement,Facilities will inspect all fire safety systems on Wednesday—brief disruptions possible.
Weekly Report Submission,We’re aligning our department goals with Q2 OKRs. Share feedback by Friday.
New Policy Update,Reminder: The team sync is scheduled for tomorrow at 10 AM in the main conference room.
Office Maintenance Notice,Facilities will inspect all fire safety systems on Wednesday—brief disruptions possible.
Tech Support Update,Please use the updated template for all expense submissions going forward.
Budget Planning Session,HR has shared updated guidelines for the annual review cycle. Please review and acknowledge.
Tech Support Update,Here is the onboarding checklist for your team’s new starter—please review with them.
New Hire Orientation,Attached is the latest draft of the policy document for your review and comments.
Client Follow-up Required,Attached is the latest draft of the policy document for your review and comments.
Client Follow-up Required,Let me know if there are any blockers on your end with the client deliverables.
Internal Survey Participation,Facilities will inspect all fire safety systems on Wednesday—brief disruptions possible.
Annual Leave Request Process,Please use the updated template for all expense submissions going forward.
Quarterly Goals Alignment,Don’t forget to complete the internal engagement survey—takes less than 5 minutes.
Project Status Update,We’ve scheduled training for the new expense platform on Tuesday at 3 PM.
Project Status Update,We’ve scheduled training for the new expense platform on Tuesday at 3 PM.
Reminder: Timesheet Submission,Here is the onboarding checklist for your team’s new starter—please review with them.
New Policy Update,Please submit your weekly reports by 5 PM Friday so we can prepare the monthly overview.
Lunch and Learn Invitation,Don’t forget to complete the internal engagement survey—takes less than 5 minutes.
Project Status Update,IT will perform system maintenance this weekend; expect downtime from 2–6 PM Saturday.
Quarterly Goals Alignment,Facilities will inspect all fire safety systems on Wednesday—brief disruptions possible.
Internal Survey Participation,Welcome our new team member who starts Monday—feel free to reach out and introduce yourself.
Team Building Activity,Here is the onboarding checklist for your team’s new starter—please review with them.
Resource Allocation Plan,Kindly submit your leave requests for the holiday period by the end of the week.
Team Meeting Reminder,Kindly submit your leave requests for the holiday period by the end of the week.
Lunch and Learn Invitation,Please confirm your attendance for next Thursday’s lunch and learn by EOD tomorrow.
Resource Allocation Plan,We’re aligning our department goals with Q2 OKRs. Share feedback by Friday.
Office Maintenance Notice,Please use the updated template for all expense submissions going forward.
Training Session Next Week,Please confirm your attendance for next Thursday’s lunch and learn by EOD tomorrow.
Internal Survey Participation,Welcome our new team member who starts Monday—feel free to reach out and introduce yourself.
Resource Allocation Plan,HR has shared updated guidelines for the annual review cycle. Please review and acknowledge.
Annual Leave Request Process,Attached is the latest draft of the policy document for your review and comments.
Training Session Next Week,Welcome our new team member who starts Monday—feel free to reach out and introduce yourself.
Lunch and Learn Invitation,We’re aligning our department goals with Q2 OKRs. Share feedback by Friday.
Tech Support Update,Please submit your weekly reports by 5 PM Friday so we can prepare the monthly overview.
Tech Support Update,The marketing team has requested input on Q3 priorities. Add your notes to the shared doc.
Client Follow-up Required,We’ve scheduled training for the new expense platform on Tuesday at 3 PM.
Training Session Next Week,HR has shared updated guidelines for the annual review cycle. Please review and acknowledge.
Annual Leave Request Process,Let’s finalize the budget allocations during tomorrow’s finance committee meeting.
Lunch and Learn Invitation,The meeting notes are now available in the shared drive. Let me know if I missed anything.
Client Follow-up Required,We’re aligning our department goals with Q2 OKRs. Share feedback by Friday.
Office Maintenance Notice,The marketing team has requested input on Q3 priorities. Add your notes to the shared doc.
Reminder: Timesheet Submission,Let’s finalize the budget allocations during tomorrow’s finance committee meeting.
Client Follow-up Required,HR has shared updated guidelines for the annual review cycle. Please review and acknowledge.
Training Session Next Week,Reminder: The team sync is scheduled for tomorrow at 10 AM in the main conference room.
Budget Planning Session,HR has shared updated guidelines for the annual review cycle. Please review and acknowledge.
Office Maintenance Notice,IT will perform system maintenance this weekend; expect downtime from 2–6 PM Saturday.
New Policy Update,Kindly submit your leave requests for the holiday period by the end of the week.
Office Maintenance Notice,Don’t forget to complete the internal engagement survey—takes less than 5 minutes.
Resource Allocation Plan,Attached is the latest draft of the policy document for your review and comments.
Training Session Next Week,Welcome our new team member who starts Monday—feel free to reach out and introduce yourself.
New Hire Orientation,Let’s finalize the budget allocations during tomorrow’s finance committee meeting.
Project Status Update,Let’s finalize the budget allocations during tomorrow’s finance committee meeting.
Reminder: Timesheet Submission,We’ve scheduled training for the new expense platform on Tuesday at 3 PM.
Reminder: Timesheet Submission,Kindly submit your leave requests for the holiday period by the end of the week.
Lunch and Learn Invitation,We’re aligning our department goals with Q2 OKRs. Share feedback by Friday.
Lunch and Learn Invitation,Please confirm your attendance for next Thursday’s lunch and learn by EOD tomorrow.
Performance Review Process,Please submit your weekly reports by 5 PM Friday so we can prepare the monthly overview.
Annual Leave Request Process,Let me know if there are any blockers on your end with the client deliverables.
Lunch and Learn Invitation,We’ll meet in Room 401 for the planning session at 2 PM sharp. Bring your laptops.
New Policy Update,This is a friendly reminder to submit your timesheets by 6 PM today.
Team Meeting Reminder,Don’t forget to complete the internal engagement survey—takes less than 5 minutes.
Quarterly Goals Alignment,Please submit your weekly reports by 5 PM Friday so we can prepare the monthly overview.
Office Maintenance Notice,We’ve scheduled training for the new expense platform on Tuesday at 3 PM.
Internal Survey Participation,The marketing team has requested input on Q3 priorities. Add your notes to the shared doc.
Holiday Schedule Announcement,Let me know if there are any blockers on your end with the client deliverables.
Team Building Activity,This is a friendly reminder to submit your timesheets by 6 PM today.
Team Meeting Reminder,Welcome our new team member who starts Monday—feel free to reach out and introduce yourself.
Lunch and Learn Invitation,Please submit your weekly reports by 5 PM Friday so we can prepare the monthly overview.
Internal Survey Participation,Reminder: The team sync is scheduled for tomorrow at 10 AM in the main conference room.
New Hire Orientation,Please submit your weekly reports by 5 PM Friday so we can prepare the monthly overview.
Performance Review Process,IT will perform system maintenance this weekend; expect downtime from 2–6 PM Saturday.
Lunch and Learn Invitation,This is a friendly reminder to submit your timesheets by 6 PM today.
Quarterly Goals Alignment,Let me know if there are any blockers on your end with the client deliverables.
Internal Survey Participation,Please confirm your attendance for next Thursday’s lunch and learn by EOD tomorrow.
